SMS,Keterangan
potongan diskon 50% buat hari ini saja,SMS PROMO
Kamu bisa makan sepuasnya hanya di burger king Diskon voucher hingga 60%,SMS PROMO
dapatkan diskon voucher hingga 20% dengan belanja tas matahari tipe reguler,SMS PROMO
Diskon voucher 10% bagi setiap pelanggan pertama yang mendaftar form ini,SMS PROMO
Promoo pulsa telkomsel hanya Rp.50.000 saja,SMS PROMO
nikmati promo pulsa teomsel sebesar 20.000,SMS PROMO
"Hi Pelanggan Setia Telkomsel,

Dana tambahan hingga Rp50jt siap diambil dari Allo PayLater.

Keuntungan Daftar Allo PayLater:

✅ Proses registrasi langsung dari smartphone kamu
✅ Dana tunai langsung cair 100% dlm 3 detik
✅ Limit bisa digunakan utk belanja di seluruh QRIS
✅ Cicilan hingga 12 bulan
✅ Berizin dan diawasi oleh Otoritas Jasa Keuangan (OJK) 

Ada bonus paket data 250MB juga untukmu. 

Apply Allo PayLater dari Allo Bank di link ini myads.id/PUr2V

Jangan lewatkan kesempatan ini, kuota promo untuk paket data terbatas. Allo PayLater adalah solusi terbaik untuk kamu.",SMS PROMO
